BEGIN TRANSACTION;
CREATE TABLE IF NOT EXISTS "django_migrations" (
	"id"	integer NOT NULL,
	"app"	varchar(255) NOT NULL,
	"name"	varchar(255) NOT NULL,
	"applied"	datetime NOT NULL,
	PRIMARY KEY("id" AUTOINCREMENT)
);
CREATE TABLE IF NOT EXISTS "auth_group_permissions" (
	"id"	integer NOT NULL,
	"group_id"	integer NOT NULL,
	"permission_id"	integer NOT NULL,
	PRIMARY KEY("id" AUTOINCREMENT),
	FOREIGN KEY("group_id") REFERENCES "auth_group"("id") DEFERRABLE INITIALLY DEFERRED,
	FOREIGN KEY("permission_id") REFERENCES "auth_permission"("id") DEFERRABLE INITIALLY DEFERRED
);
CREATE TABLE IF NOT EXISTS "auth_user_groups" (
	"id"	integer NOT NULL,
	"user_id"	integer NOT NULL,
	"group_id"	integer NOT NULL,
	PRIMARY KEY("id" AUTOINCREMENT),
	FOREIGN KEY("group_id") REFERENCES "auth_group"("id") DEFERRABLE INITIALLY DEFERRED,
	FOREIGN KEY("user_id") REFERENCES "auth_user"("id") DEFERRABLE INITIALLY DEFERRED
);
CREATE TABLE IF NOT EXISTS "auth_user_user_permissions" (
	"id"	integer NOT NULL,
	"user_id"	integer NOT NULL,
	"permission_id"	integer NOT NULL,
	PRIMARY KEY("id" AUTOINCREMENT),
	FOREIGN KEY("user_id") REFERENCES "auth_user"("id") DEFERRABLE INITIALLY DEFERRED,
	FOREIGN KEY("permission_id") REFERENCES "auth_permission"("id") DEFERRABLE INITIALLY DEFERRED
);
CREATE TABLE IF NOT EXISTS "django_admin_log" (
	"id"	integer NOT NULL,
	"action_time"	datetime NOT NULL,
	"object_id"	text,
	"object_repr"	varchar(200) NOT NULL,
	"change_message"	text NOT NULL,
	"content_type_id"	integer,
	"user_id"	integer NOT NULL,
	"action_flag"	smallint unsigned NOT NULL CHECK("action_flag" >= 0),
	PRIMARY KEY("id" AUTOINCREMENT),
	FOREIGN KEY("content_type_id") REFERENCES "django_content_type"("id") DEFERRABLE INITIALLY DEFERRED,
	FOREIGN KEY("user_id") REFERENCES "auth_user"("id") DEFERRABLE INITIALLY DEFERRED
);
CREATE TABLE IF NOT EXISTS "django_content_type" (
	"id"	integer NOT NULL,
	"app_label"	varchar(100) NOT NULL,
	"model"	varchar(100) NOT NULL,
	PRIMARY KEY("id" AUTOINCREMENT)
);
CREATE TABLE IF NOT EXISTS "auth_permission" (
	"id"	integer NOT NULL,
	"content_type_id"	integer NOT NULL,
	"codename"	varchar(100) NOT NULL,
	"name"	varchar(255) NOT NULL,
	PRIMARY KEY("id" AUTOINCREMENT),
	FOREIGN KEY("content_type_id") REFERENCES "django_content_type"("id") DEFERRABLE INITIALLY DEFERRED
);
CREATE TABLE IF NOT EXISTS "auth_group" (
	"id"	integer NOT NULL,
	"name"	varchar(150) NOT NULL UNIQUE,
	PRIMARY KEY("id" AUTOINCREMENT)
);
CREATE TABLE IF NOT EXISTS "auth_user" (
	"id"	integer NOT NULL,
	"password"	varchar(128) NOT NULL,
	"last_login"	datetime,
	"is_superuser"	bool NOT NULL,
	"username"	varchar(150) NOT NULL UNIQUE,
	"last_name"	varchar(150) NOT NULL,
	"email"	varchar(254) NOT NULL,
	"is_staff"	bool NOT NULL,
	"is_active"	bool NOT NULL,
	"date_joined"	datetime NOT NULL,
	"first_name"	varchar(150) NOT NULL,
	PRIMARY KEY("id" AUTOINCREMENT)
);
CREATE TABLE IF NOT EXISTS "django_session" (
	"session_key"	varchar(40) NOT NULL,
	"session_data"	text NOT NULL,
	"expire_date"	datetime NOT NULL,
	PRIMARY KEY("session_key")
);
CREATE TABLE IF NOT EXISTS "registration_coach" (
	"id"	integer NOT NULL,
	"userid"	varchar(300) NOT NULL,
	"password"	varchar(300) NOT NULL,
	"first_name"	varchar(300),
	"last_name"	varchar(300),
	"email"	varchar(254),
	"academy"	varchar(300),
	"mobile"	varchar(10) NOT NULL UNIQUE,
	PRIMARY KEY("id" AUTOINCREMENT)
);
CREATE TABLE IF NOT EXISTS "registration_mastercity" (
	"id"	integer NOT NULL,
	"city"	varchar(200),
	"include"	bool,
	"state_id"	bigint,
	PRIMARY KEY("id" AUTOINCREMENT),
	FOREIGN KEY("state_id") REFERENCES "registration_masterstate"("id") DEFERRABLE INITIALLY DEFERRED
);
CREATE TABLE IF NOT EXISTS "registration_masterposition" (
	"id"	integer NOT NULL,
	"position"	varchar(200),
	"label"	varchar(200),
	"type"	varchar(200),
	PRIMARY KEY("id" AUTOINCREMENT)
);
CREATE TABLE IF NOT EXISTS "registration_masterstate" (
	"id"	integer NOT NULL,
	"country_id"	varchar(300),
	"include"	bool,
	"name"	varchar(200),
	PRIMARY KEY("id" AUTOINCREMENT)
);
CREATE TABLE IF NOT EXISTS "registration_masterlabels" (
	"id"	integer NOT NULL,
	"key"	varchar(200),
	"extrainfo"	varchar(200),
	"asm"	text,
	"ben"	text,
	"bodo"	text,
	"en"	text,
	"hi"	text,
	"mr"	text,
	"odia"	text,
	PRIMARY KEY("id" AUTOINCREMENT)
);
CREATE TABLE IF NOT EXISTS "registration_mastercolumn" (
	"id"	integer NOT NULL,
	"columnid"	varchar(300),
	"label_key"	varchar(300),
	"includep1"	bool,
	"includep2"	bool,
	"type"	varchar(300),
	"orderid"	integer,
	PRIMARY KEY("id" AUTOINCREMENT)
);
CREATE TABLE IF NOT EXISTS "registration_player" (
	"id"	integer NOT NULL,
	"userid"	varchar(300) NOT NULL,
	"password"	varchar(300) NOT NULL,
	"tournament_city_id"	bigint,
	"first_name"	varchar(300),
	"last_name"	varchar(300),
	"height"	varchar(10) NOT NULL,
	"weight"	varchar(10) NOT NULL,
	"primary_position_id"	bigint,
	"secondary_position_id"	bigint,
	"mobile"	varchar(10) NOT NULL UNIQUE,
	"radiomobile"	bool,
	"whatsapp"	varchar(10),
	"email"	varchar(254),
	"address_line1"	text,
	"address_line2"	text,
	"state_id"	bigint,
	"pincode"	integer,
	"dob"	date NOT NULL,
	"created_at"	datetime NOT NULL,
	"updated_at"	datetime NOT NULL,
	"language"	varchar(10) NOT NULL,
	"status"	varchar(10),
	"document_id_file"	varchar(300),
	"document_id_file_location"	text,
	"document_id_number"	varchar(300),
	"document_id_selected"	varchar(300),
	"pic_file"	varchar(300),
	"pic_file_location"	text,
	PRIMARY KEY("id" AUTOINCREMENT),
	FOREIGN KEY("secondary_position_id") REFERENCES "registration_masterposition"("id") DEFERRABLE INITIALLY DEFERRED,
	FOREIGN KEY("tournament_city_id") REFERENCES "registration_mastercity"("id") DEFERRABLE INITIALLY DEFERRED,
	FOREIGN KEY("primary_position_id") REFERENCES "registration_masterposition"("id") DEFERRABLE INITIALLY DEFERRED,
	FOREIGN KEY("state_id") REFERENCES "registration_masterstate"("id") DEFERRABLE INITIALLY DEFERRED
);
INSERT INTO "django_migrations" ("id","app","name","applied") VALUES (1,'contenttypes','0001_initial','2022-05-18 07:03:06.234346'),
 (2,'auth','0001_initial','2022-05-18 07:03:06.261904'),
 (3,'admin','0001_initial','2022-05-18 07:03:06.278840'),
 (4,'admin','0002_logentry_remove_auto_add','2022-05-18 07:03:06.294826'),
 (5,'admin','0003_logentry_add_action_flag_choices','2022-05-18 07:03:06.329209'),
 (6,'contenttypes','0002_remove_content_type_name','2022-05-18 07:03:06.366031'),
 (7,'auth','0002_alter_permission_name_max_length','2022-05-18 07:03:06.383086'),
 (8,'auth','0003_alter_user_email_max_length','2022-05-18 07:03:06.401081'),
 (9,'auth','0004_alter_user_username_opts','2022-05-18 07:03:06.417065'),
 (10,'auth','0005_alter_user_last_login_null','2022-05-18 07:03:06.434248'),
 (11,'auth','0006_require_contenttypes_0002','2022-05-18 07:03:06.443253'),
 (12,'auth','0007_alter_validators_add_error_messages','2022-05-18 07:03:06.459009'),
 (13,'auth','0008_alter_user_username_max_length','2022-05-18 07:03:06.475128'),
 (14,'auth','0009_alter_user_last_name_max_length','2022-05-18 07:03:06.492964'),
 (15,'auth','0010_alter_group_name_max_length','2022-05-18 07:03:06.510154'),
 (16,'auth','0011_update_proxy_permissions','2022-05-18 07:03:06.525628'),
 (17,'auth','0012_alter_user_first_name_max_length','2022-05-18 07:03:06.540594'),
 (18,'registration','0001_initial','2022-05-18 07:03:06.555738'),
 (19,'registration','0002_auto_20220518_1232','2022-05-18 07:03:06.579465'),
 (20,'sessions','0001_initial','2022-05-18 07:03:06.591485'),
 (21,'registration','0003_auto_20220518_1240','2022-05-18 07:13:02.166883'),
 (22,'registration','0004_auto_20220518_1242','2022-05-18 07:13:02.184869'),
 (23,'registration','0005_auto_20220518_1243','2022-05-18 07:13:58.349833'),
 (24,'registration','0006_auto_20220518_1245','2022-05-18 07:16:15.459453'),
 (25,'registration','0007_auto_20220518_1249','2022-05-18 07:19:16.654561'),
 (26,'registration','0008_auto_20220518_1309','2022-05-18 07:39:26.887557'),
 (27,'registration','0009_auto_20220519_1253','2022-05-19 07:24:08.679698'),
 (28,'registration','0010_auto_20220519_1521','2022-05-19 09:51:40.508437'),
 (29,'registration','0011_auto_20220521_1840','2022-05-21 13:10:54.149925'),
 (30,'registration','0012_auto_20220521_1840','2022-05-21 13:10:54.181202'),
 (31,'registration','0013_auto_20220521_1846','2022-05-21 13:16:56.783930');
INSERT INTO "django_admin_log" ("id","action_time","object_id","object_repr","change_message","content_type_id","user_id","action_flag") VALUES (1,'2022-05-19 08:08:15.959777','2','shanukarn11','[{"added": {}}]',4,1,1),
 (2,'2022-05-19 08:08:36.599986','2','shanukarn11','[{"changed": {"fields": ["Superuser status"]}}]',4,1,2),
 (3,'2022-05-19 08:10:20.809416','603','MasterCity object (603)','[{"changed": {"fields": ["Include"]}}]',11,1,2),
 (4,'2022-05-19 08:16:05.966848','1','MasterPosition object (1)','[{"added": {}}]',8,1,1),
 (5,'2022-05-19 08:19:25.630974','2','MasterPosition object (2)','[{"added": {}}]',8,1,1),
 (6,'2022-05-19 08:20:19.606394','3','MasterPosition object (3)','[{"added": {}}]',8,1,1),
 (7,'2022-05-19 08:20:39.598905','4','MasterPosition object (4)','[{"added": {}}]',8,1,1),
 (8,'2022-05-19 08:21:09.142861','5','MasterPosition object (5)','[{"added": {}}]',8,1,1),
 (9,'2022-05-19 09:08:30.629596','35','MasterState object (35)','[]',9,1,2),
 (10,'2022-05-19 09:08:38.604610','35','MasterState object (35)','[{"changed": {"fields": ["Include"]}}]',9,1,2),
 (11,'2022-05-19 11:32:30.429490','1','MasterLabels object (1)','[{"changed": {"fields": ["En", "Mr", "Asm", "Ben", "Odia", "Bodo"]}}]',13,1,2),
 (12,'2022-05-19 11:35:21.092677','34','MasterState object (34)','[{"changed": {"fields": ["Include"]}}]',9,1,2),
 (13,'2022-05-19 11:38:00.179873','1','MasterLabels object (1)','[{"changed": {"fields": ["En"]}}]',13,1,2),
 (14,'2022-05-19 11:38:54.263689','1','MasterPosition object (1)','[{"changed": {"fields": ["Label"]}}]',8,1,2),
 (15,'2022-05-19 11:40:49.735451','11','MasterPosition object (11)','[{"added": {}}]',8,1,1),
 (16,'2022-05-19 12:32:12.899907','34','MasterState object (34)','[{"changed": {"fields": ["Include"]}}]',9,1,2),
 (17,'2022-05-23 06:13:26.744947','1','MasterGroup object (1)','[{"added": {}}]',12,1,1),
 (18,'2022-05-23 06:14:33.353399','2','MasterGroup object (2)','[{"added": {}}]',12,1,1),
 (19,'2022-05-23 06:16:00.873495','3','MasterGroup object (3)','[{"added": {}}]',12,1,1),
 (20,'2022-05-23 06:17:44.712805','2','MasterGroup object (2)','[{"changed": {"fields": ["Start", "End"]}}]',12,1,2),
 (21,'2022-05-23 06:19:30.273226','1','MasterGroup object (1)','[]',12,1,2),
 (22,'2022-05-23 06:20:05.594299','1','MasterGroup object (1)','[{"changed": {"fields": ["Start", "End"]}}]',12,1,2),
 (23,'2022-05-23 06:20:56.433949','3','MasterGroup object (3)','[{"changed": {"fields": ["Start", "End"]}}]',12,1,2),
 (24,'2022-05-23 06:25:28.320027','2','MasterGroup object (2)','[{"changed": {"fields": ["Start", "End"]}}]',12,1,2),
 (25,'2022-05-23 06:25:47.266023','3','MasterGroup object (3)','[{"changed": {"fields": ["Start"]}}]',12,1,2),
 (26,'2022-05-23 06:26:49.385542','2','MasterGroup object (2)','[{"changed": {"fields": ["Gender"]}}]',12,1,2),
 (27,'2022-05-23 06:27:09.120489','3','MasterGroup object (3)','[]',12,1,2),
 (28,'2022-05-23 06:29:52.539333','4','MasterGroup object (4)','[{"added": {}}]',12,1,1),
 (29,'2022-05-23 06:31:50.483093','5','MasterGroup object (5)','[{"added": {}}]',12,1,1),
 (30,'2022-05-23 06:33:02.303629','5','MasterGroup object (5)','[{"changed": {"fields": ["Start", "End"]}}]',12,1,2),
 (31,'2022-05-23 06:33:28.745651','5','MasterGroup object (5)','[{"changed": {"fields": ["Start", "End"]}}]',12,1,2);
INSERT INTO "django_content_type" ("id","app_label","model") VALUES (1,'admin','logentry'),
 (2,'auth','permission'),
 (3,'auth','group'),
 (4,'auth','user'),
 (5,'contenttypes','contenttype'),
 (6,'sessions','session'),
 (7,'registration','coach'),
 (8,'registration','masterposition'),
 (9,'registration','masterstate'),
 (10,'registration','player'),
 (11,'registration','mastercity'),
 (12,'registration','mastergroup'),
 (13,'registration','masterlabels'),
 (14,'registration','mastercolumn');
INSERT INTO "auth_permission" ("id","content_type_id","codename","name") VALUES (1,1,'add_logentry','Can add log entry'),
 (2,1,'change_logentry','Can change log entry'),
 (3,1,'delete_logentry','Can delete log entry'),
 (4,1,'view_logentry','Can view log entry'),
 (5,2,'add_permission','Can add permission'),
 (6,2,'change_permission','Can change permission'),
 (7,2,'delete_permission','Can delete permission'),
 (8,2,'view_permission','Can view permission'),
 (9,3,'add_group','Can add group'),
 (10,3,'change_group','Can change group'),
 (11,3,'delete_group','Can delete group'),
 (12,3,'view_group','Can view group'),
 (13,4,'add_user','Can add user'),
 (14,4,'change_user','Can change user'),
 (15,4,'delete_user','Can delete user'),
 (16,4,'view_user','Can view user'),
 (17,5,'add_contenttype','Can add content type'),
 (18,5,'change_contenttype','Can change content type'),
 (19,5,'delete_contenttype','Can delete content type'),
 (20,5,'view_contenttype','Can view content type'),
 (21,6,'add_session','Can add session'),
 (22,6,'change_session','Can change session'),
 (23,6,'delete_session','Can delete session'),
 (24,6,'view_session','Can view session'),
 (25,7,'add_coach','Can add coach'),
 (26,7,'change_coach','Can change coach'),
 (27,7,'delete_coach','Can delete coach'),
 (28,7,'view_coach','Can view coach'),
 (29,8,'add_masterposition','Can add master position'),
 (30,8,'change_masterposition','Can change master position'),
 (31,8,'delete_masterposition','Can delete master position'),
 (32,8,'view_masterposition','Can view master position'),
 (33,9,'add_masterstate','Can add master state'),
 (34,9,'change_masterstate','Can change master state'),
 (35,9,'delete_masterstate','Can delete master state'),
 (36,9,'view_masterstate','Can view master state'),
 (37,10,'add_player','Can add player'),
 (38,10,'change_player','Can change player'),
 (39,10,'delete_player','Can delete player'),
 (40,10,'view_player','Can view player'),
 (41,11,'add_mastercity','Can add master city'),
 (42,11,'change_mastercity','Can change master city'),
 (43,11,'delete_mastercity','Can delete master city'),
 (44,11,'view_mastercity','Can view master city'),
 (45,12,'add_mastergroup','Can add master group'),
 (46,12,'change_mastergroup','Can change master group'),
 (47,12,'delete_mastergroup','Can delete master group'),
 (48,12,'view_mastergroup','Can view master group'),
 (49,13,'add_masterlabels','Can add master labels'),
 (50,13,'change_masterlabels','Can change master labels'),
 (51,13,'delete_masterlabels','Can delete master labels'),
 (52,13,'view_masterlabels','Can view master labels'),
 (53,14,'add_mastercolumn','Can add master column'),
 (54,14,'change_mastercolumn','Can change master column'),
 (55,14,'delete_mastercolumn','Can delete master column'),
 (56,14,'view_mastercolumn','Can view master column');
INSERT INTO "auth_user" ("id","password","last_login","is_superuser","username","last_name","email","is_staff","is_active","date_joined","first_name") VALUES (1,'pbkdf2_sha256$216000$TrFCGF5U0TEf$mNx5WCnb7Wg6JAgw2JbikxoSyh1BsqYy5hOCIrg0NMA=','2022-05-23 06:04:54.203035',1,'viaedge','','shanu.karn@viaedge.com',1,1,'2022-05-19 07:33:14.608173',''),
 (2,'pbkdf2_sha256$216000$DA5hQMGGkalo$o6O0tLhhbCJ4S80JSmQ/P+L97+4fO3olkseTtR9abuE=',NULL,1,'shanukarn11','','',0,1,'2022-05-19 08:08:15','');
INSERT INTO "django_session" ("session_key","session_data","expire_date") VALUES ('sl7ffiwgf9i2c73aqdnv9r76h4qoyw5w','.eJxVjEEOwiAQRe_C2pBCzQAu3XsGMgwzUjWQlHbVeHdt0oVu_3vvbyriupS4dp7jlNVFGXX63RLSk-sO8gPrvWlqdZmnpHdFH7TrW8v8uh7u30HBXr61QPaMIwxCbEDEeQmSTDgDs7ANJBa8WDdSJjsmQwYDpOwGdJAEg3p_ABe0OT0:1nrafo:ginT1OfcG1XQyda0tRGy8CJWiBmeg5uwZrNhqt6dDEQ','2022-06-02 07:34:16.837640'),
 ('06rwazq9x4929a53tlmhyi0nzs5ei9e2','.eJxVjEEOwiAQRe_C2pBCzQAu3XsGMgwzUjWQlHbVeHdt0oVu_3vvbyriupS4dp7jlNVFGXX63RLSk-sO8gPrvWlqdZmnpHdFH7TrW8v8uh7u30HBXr61QPaMIwxCbEDEeQmSTDgDs7ANJBa8WDdSJjsmQwYDpOwGdJAEg3p_ABe0OT0:1nreQ4:VPfGpGg4GHgFQrQabWODqMiFPXTWV0LFHlGPpiLiM_U','2022-06-02 11:34:16.437521'),
 ('koymi02jbi1yf0c5rbzxhtsdkwjxq8to','.eJxVjEEOwiAQRe_C2pBCzQAu3XsGMgwzUjWQlHbVeHdt0oVu_3vvbyriupS4dp7jlNVFGXX63RLSk-sO8gPrvWlqdZmnpHdFH7TrW8v8uh7u30HBXr61QPaMIwxCbEDEeQmSTDgDs7ANJBa8WDdSJjsmQwYDpOwGdJAEg3p_ABe0OT0:1nrfJo:J5P0fRiZlUK-q_ou9ST15WSyLXnDi_T_qOwxIq2_Nxc','2022-06-02 12:31:52.911849'),
 ('uyozhxl2nbodiqiptg0h23hd3efgw76m','.eJxVjEEOwiAQRe_C2pBCzQAu3XsGMgwzUjWQlHbVeHdt0oVu_3vvbyriupS4dp7jlNVFGXX63RLSk-sO8gPrvWlqdZmnpHdFH7TrW8v8uh7u30HBXr61QPaMIwxCbEDEeQmSTDgDs7ANJBa8WDdSJjsmQwYDpOwGdJAEg3p_ABe0OT0:1nt1BW:tyjcCo5h7NjDeJCD6iJjpeL5e7MKhIBZTppvB7beCXY','2022-06-06 06:04:54.212002');
INSERT INTO "registration_mastercity" ("id","city","include","state_id") VALUES (1,'North and Middle Andaman',0,32),
 (2,'South Andaman',0,32),
 (3,'Nicobar',0,32),
 (4,'Adilabad',0,1),
 (5,'Anantapur',0,1),
 (6,'Chittoor',0,1),
 (7,'East Godavari',0,1),
 (8,'Guntur',0,1),
 (9,'Hyderabad',0,1),
 (10,'Kadapa',0,1),
 (11,'Karimnagar',0,1),
 (12,'Khammam',0,1),
 (13,'Krishna',0,1),
 (14,'Kurnool',0,1),
 (15,'Mahbubnagar',0,1),
 (16,'Medak',0,1),
 (17,'Nalgonda',0,1),
 (18,'Nellore',0,1),
 (19,'Nizamabad',0,1),
 (20,'Prakasam',0,1),
 (21,'Rangareddi',0,1),
 (22,'Srikakulam',0,1),
 (23,'Vishakhapatnam',0,1),
 (24,'Vizianagaram',0,1),
 (25,'Warangal',0,1),
 (26,'West Godavari',0,1),
 (27,'Anjaw',0,3),
 (28,'Changlang',0,3),
 (29,'East Kameng',0,3),
 (30,'Lohit',0,3),
 (31,'Lower Subansiri',0,3),
 (32,'Papum Pare',0,3),
 (33,'Tirap',0,3),
 (34,'Dibang Valley',0,3),
 (35,'Upper Subansiri',0,3),
 (36,'West Kameng',0,3),
 (37,'Barpeta',0,2),
 (38,'Bongaigaon',0,2),
 (39,'Cachar',0,2),
 (40,'Darrang',0,2),
 (41,'Dhemaji',0,2),
 (42,'Dhubri',0,2),
 (43,'Dibrugarh',0,2),
 (44,'Goalpara',0,2),
 (45,'Golaghat',0,2),
 (46,'Hailakandi',0,2),
 (47,'Jorhat',0,2),
 (48,'Karbi Anglong',0,2),
 (49,'Karimganj',0,2),
 (50,'Kokrajhar',0,2),
 (51,'Lakhimpur',0,2),
 (52,'Marigaon',0,2),
 (53,'Nagaon',0,2),
 (54,'Nalbari',0,2),
 (55,'North Cachar Hills',0,2),
 (56,'Sibsagar',0,2),
 (57,'Sonitpur',0,2),
 (58,'Tinsukia',0,2),
 (59,'Araria',0,4),
 (60,'Aurangabad',0,4),
 (61,'Banka',0,4),
 (62,'Begusarai',0,4),
 (63,'Bhagalpur',0,4),
 (64,'Bhojpur',0,4),
 (65,'Buxar',0,4),
 (66,'Darbhanga',0,4),
 (67,'Purba Champaran',0,4),
 (68,'Gaya',0,4),
 (69,'Gopalganj',0,4),
 (70,'Jamui',0,4),
 (71,'Jehanabad',0,4),
 (72,'Khagaria',0,4),
 (73,'Kishanganj',0,4),
 (74,'Kaimur',0,4),
 (75,'Katihar',0,4),
 (76,'Lakhisarai',0,4),
 (77,'Madhubani',0,4),
 (78,'Munger',0,4),
 (79,'Madhepura',0,4),
 (80,'Muzaffarpur',0,4),
 (81,'Nalanda',0,4),
 (82,'Nawada',0,4),
 (83,'Patna',0,4),
 (84,'Purnia',0,4),
 (85,'Rohtas',0,4),
 (86,'Saharsa',0,4),
 (87,'Samastipur',0,4),
 (88,'Sheohar',0,4),
 (89,'Sheikhpura',0,4),
 (90,'Saran',0,4),
 (91,'Sitamarhi',0,4),
 (92,'Supaul',0,4),
 (93,'Siwan',0,4),
 (94,'Vaishali',0,4),
 (95,'Pashchim Champaran',0,4),
 (96,'Bastar',0,35),
 (97,'Bilaspur',0,35),
 (98,'Dantewada',0,35),
 (99,'Dhamtari',0,35),
 (100,'Durg',0,35),
 (101,'Jashpur',0,35),
 (102,'Janjgir-Champa',0,35),
 (103,'Korba',0,35),
 (104,'Koriya',0,35),
 (105,'Kanker',0,35),
 (106,'Kawardha',0,35),
 (107,'Mahasamund',0,35),
 (108,'Raigarh',0,35),
 (109,'Rajnandgaon',0,35),
 (110,'Raipur',0,35),
 (111,'Surguja',0,35),
 (112,'Diu',0,29),
 (113,'Daman',0,29),
 (114,'Central Delhi',0,25),
 (115,'East Delhi',0,25),
 (116,'New Delhi',0,25),
 (117,'North Delhi',0,25),
 (118,'North East Delhi',0,25),
 (119,'North West Delhi',0,25),
 (120,'South Delhi',0,25),
 (121,'South West Delhi',0,25),
 (122,'West Delhi',0,25),
 (123,'North Goa',0,26),
 (124,'South Goa',0,26),
 (125,'Ahmedabad',0,5),
 (126,'Amreli District',0,5),
 (127,'Anand',0,5),
 (128,'Banaskantha',0,5),
 (129,'Bharuch',0,5),
 (130,'Bhavnagar',0,5),
 (131,'Dahod',0,5),
 (132,'The Dangs',0,5),
 (133,'Gandhinagar',0,5),
 (134,'Jamnagar',0,5),
 (135,'Junagadh',0,5),
 (136,'Kutch',0,5),
 (137,'Kheda',0,5),
 (138,'Mehsana',0,5),
 (139,'Narmada',0,5),
 (140,'Navsari',0,5),
 (141,'Patan',0,5),
 (142,'Panchmahal',0,5),
 (143,'Porbandar',0,5),
 (144,'Rajkot',0,5),
 (145,'Sabarkantha',0,5),
 (146,'Surendranagar',0,5),
 (147,'Surat',0,5),
 (148,'Vadodara',0,5),
 (149,'Valsad',0,5),
 (150,'Ambala',0,6),
 (151,'Bhiwani',0,6),
 (152,'Faridabad',0,6),
 (153,'Fatehabad',0,6),
 (154,'Gurgaon',0,6),
 (155,'Hissar',0,6),
 (156,'Jhajjar',0,6),
 (157,'Jind',0,6),
 (158,'Karnal',0,6),
 (159,'Kaithal',0,6),
 (160,'Kurukshetra',0,6),
 (161,'Mahendragarh',0,6),
 (162,'Mewat',0,6),
 (163,'Panchkula',0,6),
 (164,'Panipat',0,6),
 (165,'Rewari',0,6),
 (166,'Rohtak',0,6),
 (167,'Sirsa',0,6),
 (168,'Sonepat',0,6),
 (169,'Yamuna Nagar',0,6),
 (170,'Palwal',0,6),
 (171,'Bilaspur',0,7),
 (172,'Chamba',0,7),
 (173,'Hamirpur',0,7),
 (174,'Kangra',0,7),
 (175,'Kinnaur',0,7),
 (176,'Kulu',0,7),
 (177,'Lahaul and Spiti',0,7),
 (178,'Mandi',0,7),
 (179,'Shimla',0,7),
 (180,'Sirmaur',0,7),
 (181,'Solan',0,7),
 (182,'Una',0,7),
 (183,'Anantnag',0,8),
 (184,'Badgam',0,8),
 (185,'Bandipore',0,8),
 (186,'Baramula',0,8),
 (187,'Doda',0,8),
 (188,'Jammu',0,8),
 (189,'Kargil',0,8),
 (190,'Kathua',0,8),
 (191,'Kupwara',0,8),
 (192,'Leh',0,8),
 (193,'Poonch',0,8),
 (194,'Pulwama',0,8),
 (195,'Rajauri',0,8),
 (196,'Srinagar',0,8),
 (197,'Samba',0,8),
 (198,'Udhampur',0,8),
 (199,'Bokaro',0,34),
 (200,'Chatra',0,34),
 (201,'Deoghar',0,34),
 (202,'Dhanbad',0,34),
 (203,'Dumka',0,34),
 (204,'Purba Singhbhum',0,34),
 (205,'Garhwa',0,34),
 (206,'Giridih',0,34),
 (207,'Godda',0,34),
 (208,'Gumla',0,34),
 (209,'Hazaribagh',0,34),
 (210,'Koderma',0,34),
 (211,'Lohardaga',0,34),
 (212,'Pakur',0,34),
 (213,'Palamu',0,34),
 (214,'Ranchi',0,34),
 (215,'Sahibganj',0,34),
 (216,'Seraikela and Kharsawan',0,34),
 (217,'Pashchim Singhbhum',0,34),
 (218,'Ramgarh',0,34),
 (219,'Bidar',0,9),
 (220,'Belgaum',0,9),
 (221,'Bijapur',0,9),
 (222,'Bagalkot',0,9),
 (223,'Bellary',0,9),
 (224,'Bangalore Rural District',0,9),
 (225,'Bangalore Urban District',0,9),
 (226,'Chamarajnagar',0,9),
 (227,'Chikmagalur',0,9),
 (228,'Chitradurga',0,9),
 (229,'Davanagere',0,9),
 (230,'Dharwad',0,9),
 (231,'Dakshina Kannada',0,9),
 (232,'Gadag',0,9),
 (233,'Gulbarga',0,9),
 (234,'Hassan',0,9),
 (235,'Haveri District',0,9),
 (236,'Kodagu',0,9),
 (237,'Kolar',0,9),
 (238,'Koppal',0,9),
 (239,'Mandya',0,9),
 (240,'Mysore',0,9),
 (241,'Raichur',0,9),
 (242,'Shimoga',0,9),
 (243,'Tumkur',0,9),
 (244,'Udupi',0,9),
 (245,'Uttara Kannada',0,9),
 (246,'Ramanagara',0,9),
 (247,'Chikballapur',0,9),
 (248,'Yadagiri',0,9),
 (249,'Alappuzha',0,10),
 (250,'Ernakulam',0,10),
 (251,'Idukki',0,10),
 (252,'Kollam',0,10),
 (253,'Kannur',0,10),
 (254,'Kasaragod',0,10),
 (255,'Kottayam',0,10),
 (256,'Kozhikode',0,10),
 (257,'Malappuram',0,10),
 (258,'Palakkad',0,10),
 (259,'Pathanamthitta',0,10),
 (260,'Thrissur',0,10),
 (261,'Thiruvananthapuram',0,10),
 (262,'Wayanad',0,10),
 (263,'Alirajpur',0,11),
 (264,'Anuppur',0,11),
 (265,'Ashok Nagar',0,11),
 (266,'Balaghat',0,11),
 (267,'Barwani',0,11),
 (268,'Betul',0,11),
 (269,'Bhind',0,11),
 (270,'Bhopal',0,11),
 (271,'Burhanpur',0,11),
 (272,'Chhatarpur',0,11),
 (273,'Chhindwara',0,11),
 (274,'Damoh',0,11),
 (275,'Datia',0,11),
 (276,'Dewas',0,11),
 (277,'Dhar',0,11),
 (278,'Dindori',0,11),
 (279,'Guna',0,11),
 (280,'Gwalior',0,11),
 (281,'Harda',0,11),
 (282,'Hoshangabad',0,11),
 (283,'Indore',0,11),
 (284,'Jabalpur',0,11),
 (285,'Jhabua',0,11),
 (286,'Katni',0,11),
 (287,'Khandwa',0,11),
 (288,'Khargone',0,11),
 (289,'Mandla',0,11),
 (290,'Mandsaur',0,11),
 (291,'Morena',0,11),
 (292,'Narsinghpur',0,11),
 (293,'Neemuch',0,11),
 (294,'Panna',0,11),
 (295,'Rewa',0,11),
 (296,'Rajgarh',0,11),
 (297,'Ratlam',0,11),
 (298,'Raisen',0,11),
 (299,'Sagar',0,11),
 (300,'Satna',0,11),
 (301,'Sehore',0,11),
 (302,'Seoni',0,11),
 (303,'Shahdol',0,11),
 (304,'Shajapur',0,11),
 (305,'Sheopur',0,11),
 (306,'Shivpuri',0,11),
 (307,'Sidhi',0,11),
 (308,'Singrauli',0,11),
 (309,'Tikamgarh',0,11),
 (310,'Ujjain',0,11),
 (311,'Umaria',0,11),
 (312,'Vidisha',0,11),
 (313,'Ahmednagar',0,12),
 (314,'Akola',0,12),
 (315,'Amrawati',0,12),
 (316,'Aurangabad',0,12),
 (317,'Bhandara',0,12),
 (318,'Beed',0,12),
 (319,'Buldhana',0,12),
 (320,'Chandrapur',0,12),
 (321,'Dhule',0,12),
 (322,'Gadchiroli',0,12),
 (323,'Gondiya',0,12),
 (324,'Hingoli',0,12),
 (325,'Jalgaon',0,12),
 (326,'Jalna',0,12),
 (327,'Kolhapur',0,12),
 (328,'Latur',0,12),
 (329,'Mumbai City',0,12),
 (330,'Mumbai suburban',0,12),
 (331,'Nandurbar',0,12),
 (332,'Nanded',0,12),
 (333,'Nagpur',0,12),
 (334,'Nashik',0,12),
 (335,'Osmanabad',0,12),
 (336,'Parbhani',0,12),
 (337,'Pune',0,12),
 (338,'Raigad',0,12),
 (339,'Ratnagiri',0,12),
 (340,'Sindhudurg',0,12),
 (341,'Sangli',0,12),
 (342,'Solapur',0,12),
 (343,'Satara',0,12),
 (344,'Thane',0,12),
 (345,'Wardha',0,12),
 (346,'Washim',0,12),
 (347,'Yavatmal',0,12),
 (348,'Bishnupur',0,13),
 (349,'Churachandpur',0,13),
 (350,'Chandel',0,13),
 (351,'Imphal East',0,13),
 (352,'Senapati',0,13),
 (353,'Tamenglong',0,13),
 (354,'Thoubal',0,13),
 (355,'Ukhrul',0,13),
 (356,'Imphal West',0,13),
 (357,'East Garo Hills',0,14),
 (358,'East Khasi Hills',0,14),
 (359,'Jaintia Hills',0,14),
 (360,'Ri-Bhoi',0,14),
 (361,'South Garo Hills',0,14),
 (362,'West Garo Hills',0,14),
 (363,'West Khasi Hills',0,14),
 (364,'Aizawl',0,15),
 (365,'Champhai',0,15),
 (366,'Kolasib',0,15),
 (367,'Lawngtlai',0,15),
 (368,'Lunglei',0,15),
 (369,'Mamit',0,15),
 (370,'Saiha',0,15),
 (371,'Serchhip',0,15),
 (372,'Dimapur',0,16),
 (373,'Kohima',0,16),
 (374,'Mokokchung',0,16),
 (375,'Mon',0,16),
 (376,'Phek',0,16),
 (377,'Tuensang',0,16),
 (378,'Wokha',0,16),
 (379,'Zunheboto',0,16),
 (380,'Angul',0,17),
 (381,'Boudh',0,17),
 (382,'Bhadrak',0,17),
 (383,'Bolangir',0,17),
 (384,'Bargarh',0,17),
 (385,'Baleswar',0,17),
 (386,'Cuttack',0,17),
 (387,'Debagarh',0,17),
 (388,'Dhenkanal',0,17),
 (389,'Ganjam',0,17),
 (390,'Gajapati',0,17),
 (391,'Jharsuguda',0,17),
 (392,'Jajapur',0,17),
 (393,'Jagatsinghpur',0,17),
 (394,'Khordha',0,17),
 (395,'Kendujhar',0,17),
 (396,'Kalahandi',0,17),
 (397,'Kandhamal',0,17),
 (398,'Koraput',0,17),
 (399,'Kendrapara',0,17),
 (400,'Malkangiri',0,17),
 (401,'Mayurbhanj',0,17),
 (402,'Nabarangpur',0,17),
 (403,'Nuapada',0,17),
 (404,'Nayagarh',0,17),
 (405,'Puri',0,17),
 (406,'Rayagada',0,17),
 (407,'Sambalpur',0,17),
 (408,'Subarnapur',0,17),
 (409,'Sundargarh',0,17),
 (410,'Karaikal',0,27),
 (411,'Mahe',0,27),
 (412,'Puducherry',0,27),
 (413,'Yanam',0,27),
 (414,'Amritsar',0,18),
 (415,'Bathinda',0,18),
 (416,'Firozpur',0,18),
 (417,'Faridkot',0,18),
 (418,'Fatehgarh Sahib',0,18),
 (419,'Gurdaspur',0,18),
 (420,'Hoshiarpur',0,18),
 (421,'Jalandhar',0,18),
 (422,'Kapurthala',0,18),
 (423,'Ludhiana',0,18),
 (424,'Mansa',0,18),
 (425,'Moga',0,18),
 (426,'Mukatsar',0,18),
 (427,'Nawan Shehar',0,18),
 (428,'Patiala',0,18),
 (429,'Rupnagar',0,18),
 (430,'Sangrur',0,18),
 (431,'Ajmer',0,19),
 (432,'Alwar',0,19),
 (433,'Bikaner',0,19),
 (434,'Barmer',0,19),
 (435,'Banswara',0,19),
 (436,'Bharatpur',0,19),
 (437,'Baran',0,19),
 (438,'Bundi',0,19),
 (439,'Bhilwara',0,19),
 (440,'Churu',0,19),
 (441,'Chittorgarh',0,19),
 (442,'Dausa',0,19),
 (443,'Dholpur',0,19),
 (444,'Dungapur',0,19),
 (445,'Ganganagar',0,19),
 (446,'Hanumangarh',0,19),
 (447,'Juhnjhunun',0,19),
 (448,'Jalore',0,19),
 (449,'Jodhpur',0,19),
 (450,'Jaipur',0,19),
 (451,'Jaisalmer',0,19),
 (452,'Jhalawar',0,19),
 (453,'Karauli',0,19),
 (454,'Kota',0,19),
 (455,'Nagaur',0,19),
 (456,'Pali',0,19),
 (457,'Pratapgarh',0,19),
 (458,'Rajsamand',0,19),
 (459,'Sikar',0,19),
 (460,'Sawai Madhopur',0,19),
 (461,'Sirohi',0,19),
 (462,'Tonk',0,19),
 (463,'Udaipur',0,19),
 (464,'East Sikkim',0,20),
 (465,'North Sikkim',0,20),
 (466,'South Sikkim',0,20),
 (467,'West Sikkim',0,20),
 (468,'Ariyalur',0,21),
 (469,'Chennai',0,21),
 (470,'Coimbatore',0,21),
 (471,'Cuddalore',0,21),
 (472,'Dharmapuri',0,21),
 (473,'Dindigul',0,21),
 (474,'Erode',0,21),
 (475,'Kanchipuram',0,21),
 (476,'Kanyakumari',0,21),
 (477,'Karur',0,21),
 (478,'Madurai',0,21),
 (479,'Nagapattinam',0,21),
 (480,'The Nilgiris',0,21),
 (481,'Namakkal',0,21),
 (482,'Perambalur',0,21),
 (483,'Pudukkottai',0,21),
 (484,'Ramanathapuram',0,21),
 (485,'Salem',0,21),
 (486,'Sivagangai',0,21),
 (487,'Tiruppur',0,21),
 (488,'Tiruchirappalli',0,21),
 (489,'Theni',0,21),
 (490,'Tirunelveli',0,21),
 (491,'Thanjavur',0,21),
 (492,'Thoothukudi',0,21),
 (493,'Thiruvallur',0,21),
 (494,'Thiruvarur',0,21),
 (495,'Tiruvannamalai',0,21),
 (496,'Vellore',0,21),
 (497,'Villupuram',0,21),
 (498,'Dhalai',0,22),
 (499,'North Tripura',0,22),
 (500,'South Tripura',0,22),
 (501,'West Tripura',0,22),
 (502,'Almora',0,33),
 (503,'Bageshwar',0,33),
 (504,'Chamoli',0,33),
 (505,'Champawat',0,33),
 (506,'Dehradun',0,33),
 (507,'Haridwar',0,33),
 (508,'Nainital',0,33),
 (509,'Pauri Garhwal',0,33),
 (510,'Pithoragharh',0,33),
 (511,'Rudraprayag',0,33),
 (512,'Tehri Garhwal',0,33),
 (513,'Udham Singh Nagar',0,33),
 (514,'Uttarkashi',0,33),
 (515,'Agra',0,23),
 (516,'Allahabad',0,23),
 (517,'Aligarh',0,23),
 (518,'Ambedkar Nagar',0,23),
 (519,'Auraiya',0,23),
 (520,'Azamgarh',0,23),
 (521,'Barabanki',0,23),
 (522,'Badaun',0,23),
 (523,'Bagpat',0,23),
 (524,'Bahraich',0,23),
 (525,'Bijnor',0,23),
 (526,'Ballia',0,23),
 (527,'Banda',0,23),
 (528,'Balrampur',0,23),
 (529,'Bareilly',0,23),
 (530,'Basti',0,23),
 (531,'Bulandshahr',0,23),
 (532,'Chandauli',0,23),
 (533,'Chitrakoot',0,23),
 (534,'Deoria',0,23),
 (535,'Etah',0,23),
 (536,'Kanshiram Nagar',0,23),
 (537,'Etawah',0,23),
 (538,'Firozabad',0,23),
 (539,'Farrukhabad',0,23),
 (540,'Fatehpur',0,23),
 (541,'Faizabad',0,23),
 (542,'Gautam Buddha Nagar',0,23),
 (543,'Gonda',0,23),
 (544,'Ghazipur',0,23),
 (545,'Gorkakhpur',0,23),
 (546,'Ghaziabad',0,23),
 (547,'Hamirpur',0,23),
 (548,'Hardoi',0,23),
 (549,'Mahamaya Nagar',0,23),
 (550,'Jhansi',0,23),
 (551,'Jalaun',0,23),
 (552,'Jyotiba Phule Nagar',0,23),
 (553,'Jaunpur District',0,23),
 (554,'Kanpur Dehat',0,23),
 (555,'Kannauj',0,23),
 (556,'Kanpur Nagar',0,23),
 (557,'Kaushambi',0,23),
 (558,'Kushinagar',0,23),
 (559,'Lalitpur',0,23),
 (560,'Lakhimpur Kheri',0,23),
 (561,'Lucknow',0,23),
 (562,'Mau',0,23),
 (563,'Meerut',0,23),
 (564,'Maharajganj',0,23),
 (565,'Mahoba',0,23),
 (566,'Mirzapur',0,23),
 (567,'Moradabad',0,23),
 (568,'Mainpuri',0,23),
 (569,'Mathura',0,23),
 (570,'Muzaffarnagar',0,23),
 (571,'Pilibhit',0,23),
 (572,'Pratapgarh',0,23),
 (573,'Rampur',0,23),
 (574,'Rae Bareli',0,23),
 (575,'Saharanpur',0,23),
 (576,'Sitapur',0,23),
 (577,'Shahjahanpur',0,23),
 (578,'Sant Kabir Nagar',0,23),
 (579,'Siddharthnagar',0,23),
 (580,'Sonbhadra',0,23),
 (581,'Sant Ravidas Nagar',0,23),
 (582,'Sultanpur',0,23),
 (583,'Shravasti',0,23),
 (584,'Unnao',0,23),
 (585,'Varanasi',0,23),
 (586,'Birbhum',0,24),
 (587,'Bankura',0,24),
 (588,'Bardhaman',0,24),
 (589,'Darjeeling',0,24),
 (590,'Dakshin Dinajpur',0,24),
 (591,'Hooghly',0,24),
 (592,'Howrah',0,24),
 (593,'Jalpaiguri',0,24),
 (594,'Cooch Behar',0,24),
 (595,'Kolkata',0,24),
 (596,'Malda',0,24),
 (597,'Midnapore',0,24),
 (598,'Murshidabad',0,24),
 (599,'Nadia',0,24),
 (600,'North 24 Parganas',0,24),
 (601,'South 24 Parganas',0,24),
 (602,'Purulia',0,24),
 (603,'Uttar Dinajpur',1,24);
INSERT INTO "registration_masterposition" ("id","position","label","type") VALUES (1,'Goal_Keeper','Goal Keeper 2','.'),
 (2,'Center_Back_Or_Stopper','Center Back/Stopper','.'),
 (3,'Left_Back','Left Back','.'),
 (4,'Right_Back','Right_Back','.'),
 (5,'Center_Mid','Center Mid','.'),
 (6,'Attacking_Mid','Attacking Mid','.'),
 (7,'Defensive_Mid','Defensive Mid','.'),
 (8,'Right_Mid_Or_Winger','Right Mid/Right Winger','.'),
 (9,'Left_Mid_Or_Winger','Left Mid/Left Winger','.'),
 (10,'Striker_Or_Center_Forward','Striker/Center Forward','.'),
 (11,'goal_keeper','goal keeper fg','.');
INSERT INTO "registration_masterstate" ("id","country_id","include","name") VALUES (1,'105',0,'ANDHRA PRADESH'),
 (2,'105',0,'ASSAM'),
 (3,'105',0,'ARUNACHAL PRADESH'),
 (4,'105',1,'BIHAR'),
 (5,'105',0,'GUJRAT'),
 (6,'105',0,'HARYANA'),
 (7,'105',0,'HIMACHAL PRADESH'),
 (8,'105',0,'JAMMU & KASHMIR'),
 (9,'105',0,'KARNATAKA'),
 (10,'105',0,'KERALA'),
 (11,'105',0,'MADHYA PRADESH'),
 (12,'105',0,'MAHARASHTRA'),
 (13,'105',0,'MANIPUR'),
 (14,'105',0,'MEGHALAYA'),
 (15,'105',0,'MIZORAM'),
 (16,'105',0,'NAGALAND'),
 (17,'105',0,'ORISSA'),
 (18,'105',0,'PUNJAB'),
 (19,'105',0,'RAJASTHAN'),
 (20,'105',0,'SIKKIM'),
 (21,'105',0,'TAMIL NADU'),
 (22,'105',0,'TRIPURA'),
 (23,'105',0,'UTTAR PRADESH'),
 (24,'105',1,'WEST BENGAL'),
 (25,'105',0,'DELHI'),
 (26,'105',0,'GOA'),
 (27,'105',0,'PONDICHERY'),
 (28,'105',0,'LAKSHDWEEP'),
 (29,'105',0,'DAMAN & DIU'),
 (30,'105',0,'DADRA & NAGAR'),
 (31,'105',0,'CHANDIGARH'),
 (32,'105',0,'ANDAMAN & NICOBAR'),
 (33,'105',0,'UTTARANCHAL'),
 (34,'105',0,'JHARKHAND'),
 (35,'105',1,'CHATTISGARH');
INSERT INTO "registration_masterlabels" ("id","key","extrainfo","asm","ben","bodo","en","hi","mr","odia") VALUES (1,'ikf_season2_heading','heading','.','.','.','IKF Season 2 City Trial Registration','इंडिया खेलो फुटबॉल सीजन २ रजिस्ट्रेशन','.','.'),
 (2,'who_is_filling_form','player or coach page',NULL,NULL,NULL,'Who is filling the form?','फॉर्म कौन भर रहा है ?',NULL,NULL),
 (3,'player','player or coach page',NULL,NULL,NULL,'Player','खिलाड़ी',NULL,NULL),
 (4,'coach','player or coach page',NULL,NULL,NULL,'Coach','प्रशिक्षक',NULL,NULL),
 (5,'next','common',NULL,NULL,NULL,'Next','Next',NULL,NULL),
 (6,'prev','common',NULL,NULL,NULL,'Prev','Prev',NULL,NULL),
 (7,'submit','common',NULL,NULL,NULL,'Submit','Submit',NULL,NULL),
 (8,'select_tournament_state',NULL,NULL,NULL,NULL,'Select the state where 
you want to attend the trials?',NULL,NULL,NULL),
 (9,'dropdown_select_state',NULL,NULL,NULL,NULL,'Select State',NULL,NULL,NULL),
 (10,'select_tournament_city',NULL,NULL,NULL,NULL,'Select the city where you 
want to attend the trials?',NULL,NULL,NULL),
 (11,'dropdown_select_city',NULL,NULL,NULL,NULL,'Select City',NULL,NULL,NULL),
 (12,'gender',NULL,NULL,NULL,NULL,'Gender',NULL,NULL,NULL),
 (13,'dropdown_select_gender',NULL,NULL,NULL,NULL,'Select Gender',NULL,NULL,NULL),
 (14,'male',NULL,NULL,NULL,NULL,'Male',NULL,NULL,NULL),
 (15,'female',NULL,NULL,NULL,NULL,'Female',NULL,NULL,NULL),
 (16,'dob',NULL,NULL,NULL,NULL,'Date of Birth',NULL,NULL,NULL),
 (17,'email',NULL,NULL,NULL,NULL,'Email-id',NULL,NULL,NULL),
 (18,'mobile',NULL,NULL,NULL,NULL,'Contact Number',NULL,NULL,NULL),
 (19,'using_different_number',NULL,NULL,NULL,NULL,' Is your 
WhatsApp number different?',NULL,NULL,NULL),
 (20,'yes',NULL,NULL,NULL,NULL,'Yes',NULL,NULL,NULL),
 (21,'no',NULL,NULL,NULL,NULL,'No',NULL,NULL,NULL),
 (22,'whatsapp_no',NULL,NULL,NULL,NULL,'Whatsapp No.',NULL,NULL,NULL),
 (23,'first_name',NULL,NULL,NULL,NULL,'First Name',NULL,NULL,NULL),
 (24,'last_name',NULL,NULL,NULL,NULL,'Last Name',NULL,NULL,NULL),
 (25,'height_text',NULL,NULL,NULL,NULL,'Height',NULL,NULL,NULL),
 (26,'weight_text',NULL,NULL,NULL,NULL,'Weight',NULL,NULL,NULL),
 (27,'primary_position',NULL,NULL,NULL,NULL,'Primary Position',NULL,NULL,NULL),
 (28,'dropdown_select_position',NULL,NULL,NULL,NULL,'Select Position',NULL,NULL,NULL),
 (29,'secondary_position',NULL,NULL,NULL,NULL,'Secondary Position',NULL,NULL,NULL),
 (30,'address_line1',NULL,NULL,NULL,NULL,' Address line 1',NULL,NULL,NULL),
 (31,'address_line2',NULL,NULL,NULL,NULL,' Address Line 2',NULL,NULL,NULL),
 (32,'pincode',NULL,NULL,NULL,NULL,'Pincode',NULL,NULL,NULL),
 (33,'state',NULL,NULL,NULL,NULL,'State',NULL,NULL,NULL),
 (34,'i_authorize',NULL,NULL,NULL,NULL,'By supplying my contact
information, I authorize the organiser IndiaKheloFootball and sponsors to
contact me via personalized communications about their products and services
via email and phone.',NULL,NULL,NULL),
 (35,'preview_tournament_city',NULL,NULL,NULL,NULL,'Tournament City',NULL,NULL,NULL),
 (36,'pic_file',NULL,NULL,NULL,NULL,'Player Picture',NULL,NULL,NULL),
 (37,'document_id_selected',NULL,NULL,NULL,NULL,'Document Selected',NULL,NULL,NULL),
 (38,'document_id_number',NULL,NULL,NULL,NULL,'Document Number',NULL,NULL,NULL),
 (39,'document_id_file',NULL,NULL,NULL,NULL,'Document File',NULL,NULL,NULL);
INSERT INTO "registration_mastercolumn" ("id","columnid","label_key","includep1","includep2","type","orderid") VALUES (1,'first_name','first_name',0,1,'label',1),
 (2,'last_name','last_name',0,1,'label',2),
 (3,'gender','gender',1,1,'label',3),
 (4,'dob','dob',1,1,'dob',4),
 (5,'height','height_text',0,1,'label',5),
 (6,'weight','weight_text',0,1,'label',6),
 (7,'primary_position','primary_position',0,1,'cposition',7),
 (8,'secondary_position','secondary_position',0,1,'cposition',8),
 (9,'mobile','mobile',1,1,'label',9),
 (10,'email','email',1,1,'label',10),
 (11,'address_line1','address_line1',0,1,'label',11),
 (12,'address_line2','address_line2',0,1,'label',12),
 (13,'state','state',0,1,'cstate',13),
 (14,'pincode','pincode',0,1,'label',14),
 (15,'tournament_city','preview_tournament_city',1,1,'ccity',15),
 (16,'pic_file','pic_file',0,1,'upload',16),
 (17,'document_id_selected','document_id_selected',0,1,'label',17),
 (18,'document_id_number','document_id_number',0,1,'label',18),
 (19,'document_id_file','document_id_file',0,1,'upload',19);
CREATE UNIQUE INDEX IF NOT EXISTS "auth_group_permissions_group_id_permission_id_0cd325b0_uniq" ON "auth_group_permissions" (
	"group_id",
	"permission_id"
);
CREATE INDEX IF NOT EXISTS "auth_group_permissions_group_id_b120cbf9" ON "auth_group_permissions" (
	"group_id"
);
CREATE INDEX IF NOT EXISTS "auth_group_permissions_permission_id_84c5c92e" ON "auth_group_permissions" (
	"permission_id"
);
CREATE UNIQUE INDEX IF NOT EXISTS "auth_user_groups_user_id_group_id_94350c0c_uniq" ON "auth_user_groups" (
	"user_id",
	"group_id"
);
CREATE INDEX IF NOT EXISTS "auth_user_groups_user_id_6a12ed8b" ON "auth_user_groups" (
	"user_id"
);
CREATE INDEX IF NOT EXISTS "auth_user_groups_group_id_97559544" ON "auth_user_groups" (
	"group_id"
);
CREATE UNIQUE INDEX IF NOT EXISTS "auth_user_user_permissions_user_id_permission_id_14a6b632_uniq" ON "auth_user_user_permissions" (
	"user_id",
	"permission_id"
);
CREATE INDEX IF NOT EXISTS "auth_user_user_permissions_user_id_a95ead1b" ON "auth_user_user_permissions" (
	"user_id"
);
CREATE INDEX IF NOT EXISTS "auth_user_user_permissions_permission_id_1fbb5f2c" ON "auth_user_user_permissions" (
	"permission_id"
);
CREATE INDEX IF NOT EXISTS "django_admin_log_content_type_id_c4bce8eb" ON "django_admin_log" (
	"content_type_id"
);
CREATE INDEX IF NOT EXISTS "django_admin_log_user_id_c564eba6" ON "django_admin_log" (
	"user_id"
);
CREATE UNIQUE INDEX IF NOT EXISTS "django_content_type_app_label_model_76bd3d3b_uniq" ON "django_content_type" (
	"app_label",
	"model"
);
CREATE UNIQUE INDEX IF NOT EXISTS "auth_permission_content_type_id_codename_01ab375a_uniq" ON "auth_permission" (
	"content_type_id",
	"codename"
);
CREATE INDEX IF NOT EXISTS "auth_permission_content_type_id_2f476e4b" ON "auth_permission" (
	"content_type_id"
);
CREATE INDEX IF NOT EXISTS "django_session_expire_date_a5c62663" ON "django_session" (
	"expire_date"
);
CREATE INDEX IF NOT EXISTS "registration_mastercity_city_3fc9d92e" ON "registration_mastercity" (
	"city"
);
CREATE INDEX IF NOT EXISTS "registration_mastercity_include_8213f34f" ON "registration_mastercity" (
	"include"
);
CREATE INDEX IF NOT EXISTS "registration_mastercity_state_id_a1ab83c9" ON "registration_mastercity" (
	"state_id"
);
CREATE INDEX IF NOT EXISTS "registration_masterposition_position_ef64a50c" ON "registration_masterposition" (
	"position"
);
CREATE INDEX IF NOT EXISTS "registration_masterposition_label_ec95a638" ON "registration_masterposition" (
	"label"
);
CREATE INDEX IF NOT EXISTS "registration_masterposition_type_865b49dc" ON "registration_masterposition" (
	"type"
);
CREATE INDEX IF NOT EXISTS "registration_masterstate_include_ff8e1333" ON "registration_masterstate" (
	"include"
);
CREATE INDEX IF NOT EXISTS "registration_masterstate_name_32b8f1e5" ON "registration_masterstate" (
	"name"
);
CREATE INDEX IF NOT EXISTS "registration_masterlabels_key_3e6b658c" ON "registration_masterlabels" (
	"key"
);
CREATE INDEX IF NOT EXISTS "registration_mastercolumn_column_4d82d493" ON "registration_mastercolumn" (
	"columnid"
);
CREATE INDEX IF NOT EXISTS "registration_mastercolumn_includep1_ad052cad" ON "registration_mastercolumn" (
	"includep1"
);
CREATE INDEX IF NOT EXISTS "registration_mastercolumn_includep2_8d56e34e" ON "registration_mastercolumn" (
	"includep2"
);
CREATE INDEX IF NOT EXISTS "registration_player_tournament_city_id_0822376b" ON "registration_player" (
	"tournament_city_id"
);
CREATE INDEX IF NOT EXISTS "registration_player_height_d72ae57e" ON "registration_player" (
	"height"
);
CREATE INDEX IF NOT EXISTS "registration_player_weight_4a7d2979" ON "registration_player" (
	"weight"
);
CREATE INDEX IF NOT EXISTS "registration_player_primary_position_id_0cd50976" ON "registration_player" (
	"primary_position_id"
);
CREATE INDEX IF NOT EXISTS "registration_player_secondary_position_id_98f45879" ON "registration_player" (
	"secondary_position_id"
);
CREATE INDEX IF NOT EXISTS "registration_player_state_id_521aa720" ON "registration_player" (
	"state_id"
);
CREATE INDEX IF NOT EXISTS "registration_player_pincode_034a2345" ON "registration_player" (
	"pincode"
);
CREATE INDEX IF NOT EXISTS "registration_player_dob_ec62397b" ON "registration_player" (
	"dob"
);
CREATE INDEX IF NOT EXISTS "registration_player_status_9ac909b4" ON "registration_player" (
	"status"
);
COMMIT;
